name,genres,filename,actors,language
Star Wars,"Fantasy,Romance",starwars.mp4,"Christopher Lee,Natalie Portman",english
Hugo,"Drama,Adventure",hugo.mp4,"Christopher Lee,Jude Law",english
Pirates of the Caribbean,"Adventure,Comedy",pirateofthecaribbean.mp4," Johnny Depp , Orlando Bloom ",english
My Valentine,"Romance,Drama",myvalentine.mp4,"Natalie Portman,Johnny Depp",english
The Lord Of The Rings,"Fantasy,Drama",thelorgoftherings.mp4,"Orlando Bloom,Christopher Lee",english
Dark Shadows,"Comedy,Fantasy",darkshadows.mp4,"Christopher Lee,Johnny Depp",english
My Blueberry Nights,"Adventure,Romance",myblueberrynights.mp4,"Natalie Portman,Jude Law",english
Wilde,"Drama,Comedy",wilde.mp4,"Jude Law,Orlando Bloom",english
The Imaginarium Of Doctor Parnassus,"Adventure,Fantasy",theimaginariumofdoctorparnassus.mp4,"Jude Law,Johnny Depp",english
New York love You,"Romance,Comedy",newyorkloveyou.mp4,"Orlando Bloom,Natalie Portman",english